James Miller,SNP Array,rs12345,chr17:240444,Pathogenic
James Garcia,SNP Array,rs112233,chr17:557723,Pathogenic
James Smith,SNP Array,rs54321,chr8:207853,Pathogenic
James Smith,SNP Array,rs54321,chr3:107179,Pathogenic
James Smith,SNP Array,rs12345,chr20:816128,Pathogenic
Sarah Brown,SNP Array,rs98765,chr18:925864,Pathogenic
Laura Hernandez,SNP Array,rs98765,chrY:880113,Pathogenic
Laura Hernandez,SNP Array,rs12345,chrY:886868,Pathogenic
Laura Hernandez,SNP Array,rs67890,chr1:417328,Pathogenic
Sarah Johnson,SNP Array,rs112233,chrX:724973,Pathogenic
Sarah Johnson,SNP Array,rs67890,chr16:853529,Pathogenic
Sarah Johnson,SNP Array,rs112233,chr20:792600,Pathogenic
Alice Johnson,SNP Array,rs67890,chr3:119808,Pathogenic
Jane Martinez,SNP Array,rs54321,chr12:566781,Pathogenic
Alice Johnson,SNP Array,rs98765,chr19:696391,Pathogenic
John Johnson,SNP Array,rs112233,chrY:357352,Pathogenic
John Smith,SNP Array,rs12345,chr22:13569,Pathogenic
Bob Hernandez,SNP Array,rs112233,chrY:81746,Pathogenic
Jane Garcia,SNP Array,rs112233,chrX:674952,Pathogenic
Bob Jones,SNP Array,rs112233,chr9:725258,Pathogenic
Bob Jones,SNP Array,rs12345,chr6:842340,Pathogenic
Jane Smith,SNP Array,rs12345,chr21:426717,Pathogenic
Jane Smith,SNP Array,rs67890,chr14:170122,Pathogenic
Emma Jones,SNP Array,rs67890,chr12:790530,Pathogenic
Sarah Brown,SNP Array,rs98765,chr13:588888,Pathogenic
John Smith,SNP Array,rs67890,chr18:709766,Pathogenic
Jane Smith,SNP Array,rs67890,chr2:631995,Pathogenic
John Hernandez,SNP Array,rs112233,chr2:645568,Pathogenic
Emma Hernandez,SNP Array,rs67890,chrY:512678,Pathogenic
Emma Hernandez,SNP Array,rs98765,chr1:534351,Pathogenic
Emma Hernandez,SNP Array,rs112233,chr5:836332,Pathogenic
James Smith,SNP Array,rs98765,chr18:156266,Pathogenic
Laura Davis,SNP Array,rs12345,chr20:573694,Pathogenic
Laura Davis,SNP Array,rs67890,chr16:420712,Pathogenic
Emma Martinez,SNP Array,rs12345,chr11:741188,Pathogenic
Emma Martinez,SNP Array,rs98765,chr20:25176,Pathogenic
